time,iiwa_joint_1,iiwa_joint_2,iiwa_joint_3,iiwa_joint_4,iiwa_joint_5,iiwa_joint_6,iiwa_joint_7
1639136551979647857,-1.023703194096215,1.5749805595303847,-1.3804528138430516,0.04063594506668977,0.9865373747813306,-0.4824352502065259,-3.004986539856081
1639136552079621092,-0.6608328361337574,1.7872430943801532,-2.2248734686231115,-1.1237707401404333,-1.012589531106192,0.5904746647457784,2.0865933727306802
1639136552179660552,-0.72229873259601,-1.7098140129449795,2.502516226267916,0.6498130097705848,-1.149104481741223,0.05401149202661859,1.3097006317268316
1639136552279538442,1.5287084280048862,-1.941011322291752,-0.2376808397333301,-0.05915493807130412,0.3057950297051999,-0.44250695174556,-2.5505073890627936
1639136552379591108,-0.44251515140100217,-0.6577343032383909,-2.4295911133694017,0.36064043652603095,-1.4717208153007533,-0.02895603160650584,-0.40386944704397587
1639136552479542712,-2.246996857709032,0.9278366713338948,-1.747410045033763,-1.470247929720148,-0.7338488463636685,0.6737685972872329,-2.036784279163505
1639136552579473379,1.9031391216069236,-0.2752902981922085,0.659138188346537,-1.525413337721034,1.0530855959970724,-0.6977808217284871,1.1908887207846148
1639136552679530707,-1.0136293410717208,1.2233512807905678,2.3670168298234713,0.053997410168489246,-0.8737511270067793,-0.5787613309182393,2.685697603083175
1639136552779589580,0.37448934376400533,1.2771331165045856,-1.210286171542382,0.07383822278643049,-2.904335887579621,0.36271751991193657,1.8045753824485211
1639136552879505560,2.4015842197994384,1.8409777797674836,2.350340566077946,1.074321371791556,-0.5884394352197573,0.8736000673349662,1.649008690363249
1639136552979686319,0.6146980717750408,-1.5199026983142994,0.2538516815539298,-1.4411205202685582,0.5706685513644056,2.0407037293734764,0.9987074574607786
1639136553079531073,-1.0228005882112234,0.0824589389144128,-2.6705616113432495,2.045752605905258,-1.6800679392390108,1.747763042889468,0.10079149289529798
1639136553179557200,-1.92480086367406,0.4986876914365119,-0.5362090758954796,-1.474085615482724,0.40663570633435864,-1.7471127293555924,1.9405533087796063
1639136553279700176,-1.8861643475188559,1.3573598119734118,0.6378223165467207,-2.0150725150249054,1.3582527889999096,-1.0793132306619553,0.0402375505658501
1639136553379545028,-2.5871035331109034,0.09227825514858257,1.2190850830563815,-1.378092276652676,-2.727121477280754,-1.8446646880248811,1.2591106039163589
1639136553479524237,1.7791349729014247,1.5723906177922449,0.9779971989982714,-1.153216087445509,1.2857625205943086,-0.6659555168620834,-1.4565766551084707
1639136553579590598,0.6877747717356004,1.6573363156478713,-1.9083704676343987,1.0079538068798812,0.8824147863850413,-1.6837570684726457,0.04152220146092933
1639136553679535772,1.670611448891926,-0.69335251714903,1.1410451416740597,1.658088238995394,2.302824709189933,-0.06728110897881767,-0.048407649223328075
1639136553779530786,-1.4848747786497254,0.6927475737812521,2.1857560643382743,2.035112894044063,1.4173190258661497,1.1595003937221264,2.8583961928490385
1639136553879587806,2.8094097028565534,-0.8763445551554709,2.0835941210929954,-1.3942466851904212,0.522749637460648,-1.6447211036778135,2.3411687051751895
1639136553979575185,1.6551089575724052,-1.9466549472613481,-2.543787172480982,1.887467055104341,2.4792360032951595,-1.435484911790558,0.8517001872427405
1639136554079602245,0.2627360542503272,1.4149791235786315,1.8248202416388675,1.9648943309280376,-0.46284066281285474,0.7452890477598593,1.8702255463650457
1639136554179562277,-0.5395604443271504,0.20389406372606445,2.112162279372195,-1.0211626604547492,-0.33778572788230266,0.1542182888189756,-0.3588606614136838
1639136554279540118,-1.2333709462790359,0.7351175175677107,-0.6804697127093586,1.1479326264749599,-0.256023539495712,-0.3241129330692676,-2.4202607361112265
1639136554379634650,1.9185040099468416,1.2522115601680532,-2.6869807874634937,-1.8378615616506242,-0.4101289330339797,0.080738836727543,-0.5817376238010996
1639136554479516513,2.3066306105545533,0.05402337108360866,0.01892537875336675,1.8278649532981182,-1.2303439583266949,0.6052717606441687,0.6641226914589344
1639136554579500906,-1.7526941188350587,-0.2132469799629606,2.629935701592918,-0.2482123412715802,-2.8116846950101584,1.2106151829415235,2.0460848373119522
1639136554679621882,2.8883104661865695,-0.696881122620503,-2.301557355929244,-1.136240642293608,-2.2101501553871694,-1.164676690062111,-1.8769166602863523
1639136554779559044,0.4047919924474379,-0.6913970594074621,-1.022449469152487,-1.6335066772049542,0.09688663859175728,0.9391934526336105,0.8805502104439085
1639136554879618208,-0.12111806917846923,2.0581814155183404,-0.5957399247592035,-0.8278293079868166,0.48683352730997154,0.3978379408325208,1.9968292936579748
1639136554979582086,0.22400813645063078,0.18477782501204842,-1.402672165863389,0.48004443841587374,-0.48057936140385626,-1.7177436320080646,-0.505508135385031
1639136555079560231,-1.4748432808038383,0.17363163950931115,0.7217967419203881,-0.48598635787282296,2.8321225103487495,-1.6173786518229705,0.4355873339713514
1639136555179503654,1.6296201220477857,-2.0401337508185593,-2.3917796795515014,-1.324712483007409,0.25528291858611807,-1.533981516550821,2.0069065812354334
1639136555279507688,0.7473447803064119,-1.9080785386300578,-0.6675736505829617,0.2467514667157995,2.7640912868304137,1.0469343657580437,2.7133615242483233
1639136555379544612,2.2024718015715936,-0.9356563007145351,-1.9085942654456243,-0.08490388341916932,1.1029148458976592,1.6053964915604553,1.3982958924942355
1639136555479598116,2.8954712244768612,1.819574971349899,0.6075089398299998,-2.0013806749521286,1.0047964974357084,0.5260662360056729,1.700552877056777
1639136555579517554,-1.5862656747906314,0.014820357047762744,-2.33052298011246,1.1122545211262542,2.31104815174908,-0.45354002875573185,-1.3127095474926365
1639136555679538199,-0.6679337731867627,-0.8025733066722005,2.319029978196362,1.5523519619872137,-1.976060473672167,1.6775987278445883,1.544989632946208
1639136555779521944,2.100674274277783,1.6518000001105113,2.5523090152468257,-1.5790890457992264,0.14433570843230825,1.618802655357396,-1.5398581507713798
1639136555879554075,-0.9516969063865963,1.500913506526747,-0.9792365735977804,1.659326636141818,-0.35520539139175167,-0.518546107132916,-2.591000817612865
1639136555979511398,1.6803294932140207,-0.5093359136009799,-0.542695667350102,-1.1388053745717914,-0.6514194328782326,1.9784574618787816,0.8128114892976814
1639136556079600032,2.1936735024614475,-0.39834149821296094,0.825257120401254,2.0171837242370985,-1.7947546988851237,-1.5238762981263363,-2.4819699318487234
1639136556179581216,-1.3270103064593282,0.2810992014657612,-2.7392832064154047,0.17235714413465342,-2.069168178624603,0.8950537141925472,-1.037191345250229
1639136556279560309,-2.502464399032242,-0.3920457407821798,1.7000437859219368,-1.1505853586903876,-0.30077918129051495,1.5847233148392363,1.4267641110790694
1639136556379566736,-2.5557891987613455,-1.3675793574525614,1.3698059339657331,-1.7032236255276716,-2.3937706001242973,1.1275172838110246,1.236069050143111
1639136556479552340,0.9916875346405125,0.8656664536212872,0.9726632135561974,-0.35266786722446253,-1.4581483331401033,0.9539962901853105,-2.8474522867708503
1639136556579485980,-0.9465934568566714,-1.1724261519869748,0.5100672175856804,-2.0120641946030697,1.6985586284831498,-1.2355205960840585,-0.35885998934068075
1639136556679681245,2.0433479781411665,-0.64105302308163,-2.681199691682546,-1.3569014451996628,0.6024684423445508,0.2745186003990603,-0.22167663335707877
1639136556779643711,1.4961296653730085,-1.782494444515965,1.263558379445739,-1.7930940179876456,-0.5109131651695735,-1.886837855736851,0.7891346780863033
1639136556879536005,-0.10525707323416622,0.04748001798525081,-2.6255312472261045,0.18527809049393484,1.695223053679642,-1.4151212543933902,-2.9429772853671814
1639136556979628356,1.0928277754922004,1.2774959840091515,-2.4904920687739978,-0.3225602330860107,-2.222128952721992,-1.511421564665448,1.852070540206237
1639136557079528528,-0.11790675392000027,0.0896883245688791,-0.38894753462494025,1.905616008345631,-1.2293962502824292,1.0142582026848492,-2.6495385451327333
1639136557179548594,-0.050265379184737835,-0.15206595022214842,-1.6598883916834206,-1.8784536231169335,1.7228006198583485,0.8880231488536414,-2.371220757391585
1639136557279493635,2.048215148850255,-0.6016643227706344,-2.348563107350188,1.6752716555495977,2.6811916663365776,0.27668185716684857,-0.9601095165971616
1639136557379498732,-2.3916803643199165,-0.947147480697488,2.410748923239216,-1.4456994249193913,-1.7223994661955564,-0.06675234094167082,2.643676115997541
1639136557479619067,1.3686892094895886,1.9633987793877785,-0.5812107845059593,0.1685801528723947,1.9939244455081693,0.3589941997163746,-2.4468965433656105
1639136557579632712,-0.09217127679307247,1.3680544418521907,1.4047894684052022,-0.7378858492542146,-1.129988444851479,1.3511286125555682,-0.4747853390617931
1639136557679525355,-0.7832079707940092,0.877999384500161,-2.0069781981371992,-1.5994115794396595,-1.1106368494036283,-1.8752052130617687,-0.4640217435364109
1639136557779608699,-1.4783364527445084,-1.546492945112854,0.4454717322228441,0.8182999896185739,-2.4300767026485524,0.41844834048419166,0.08795593145509484
1639136557879484573,-1.3560145844569809,0.3929408567561219,2.12014267060476,-1.6541963687268333,2.354466635884298,0.640741477777953,2.601639484823505
1639136557979536966,-1.1780436191409556,-1.4288699743436046,-1.2627743659986854,1.363018533635958,0.933437747330292,1.1229454722866041,2.8211355328504353
1639136558079526665,-1.0932199616165859,0.6805537645750008,-2.608180018499283,0.10038456388618933,-1.90255117541894,-0.8795196434835231,-1.3862617775246433
1639136558179612915,-1.982153888284288,0.6304252247272499,2.756775509834777,1.7054314097022263,0.39526641910220706,1.6083645570040352,-0.9938101967759501
1639136558279587039,0.683085349700796,2.0188268797228983,-2.653050930822807,-1.807361061551821,0.6513281076313655,1.1266279222585052,0.5823602714128149
1639136558379574266,-1.1152680376801467,0.7204416960990963,2.300239190537279,0.225421612522116,1.1833131125665175,0.346101726417273,-1.4145539394486786
1639136558479545630,-2.3835184851612006,1.7990470723146004,2.849911938774564,0.3132891655970509,1.2869200167129695,-1.682435162727332,0.006104591678586679
1639136558579495213,2.694720263310248,-0.35664211676646596,2.257237529721914,0.4200723752398723,2.5601016627049646,1.4291914067762699,-1.1828214889859259
1639136558679571905,2.5112852163723223,-1.2292022399495426,-1.1420881283016495,0.3588104156361567,0.1396358337835535,-0.3035762369420334,-1.7565841970535279
1639136558779457002,0.21447783337201498,0.4655461162567822,1.5078736366991419,1.359027453779687,1.2749595524105115,-1.4168856032928245,-0.5048434445027916
1639136558879563430,2.175172691328546,1.1881991410973516,-0.8880833988976296,0.8264654391597319,1.7489606677422045,0.40464116951267615,1.944645409784696
1639136558979527651,-2.5917008796620573,0.33140396218803136,0.32129314849429,-0.18113673900457372,-2.1007037805794395,-1.2616187603004412,2.22294982171238
1639136559079625884,-0.8480076993615202,-0.11262183242326418,0.747655280362959,1.798076676841485,2.7316272605864405,2.0085328127477067,1.7603440001048294
1639136559179546851,-0.21219150180049962,-1.1251549966761178,-1.7837054879336152,1.5030741707288002,0.60347609018481,-0.8737764408485291,-0.08207246388699563
1639136559279522042,2.0293214443869885,1.0878783255280555,-0.5189716582722603,-1.0463487562146894,-1.1457253603395585,0.7683461037554458,-0.8818812521857002
1639136559379599320,-1.612963085015271,0.5245653530629846,1.8189595085682062,-0.1911677564369565,1.1407941203889815,1.7620713707197333,-0.23622302232674297
1639136559479521113,-2.4950845966985407,1.700282080730902,0.07377047115275248,-1.0639556439101896,0.4317932459178877,-0.6579404616259183,0.8650094234013914
1639136559579509398,-1.7736478654837184,0.09429545439375486,1.3364749090604922,-1.8192920065284703,0.4930040566585552,-1.4108440292338038,1.6176295164659051
1639136559679503932,2.8278832883223735,-1.8605016907623537,-2.29118072145362,-0.9899063599320961,-1.3662334270328411,1.2640121472772181,-0.18259849045191912
1639136559779499117,-2.5708305310164064,-0.3194082839289334,2.743320378770504,1.450970736761175,-1.303652571424044,0.2841239860183329,0.8572560416301438
1639136559879607287,0.4674751361708118,-1.7810642256476727,-0.22709639950103133,-1.2141770802164882,-2.8410827843526825,1.7948725679280115,0.5735533296324458
1639136559979580004,-0.6506922725981847,-1.1788266833053238,-0.5962781161324844,0.2664807497897872,-0.38925708072594034,-1.4059096757746485,1.7800809393961
1639136560079481194,2.649807357192324,-1.8992056268347286,0.19713090661190735,-0.4685577935549856,2.3289934043703657,-0.014442432211049017,-0.7659691016447154
1639136560179689152,-1.5537258366125055,0.8898463538725219,2.9088686015599605,1.253679334320298,-0.36640542331694137,1.8723647703606368,-2.547362040594847
1639136560279471875,0.5751320148828043,1.1843606515592047,-1.3321683805371967,-0.02824686582651914,-2.1783141582417436,1.6339871658901957,2.194588861761647
1639136560379649380,-1.312586119204065,-1.793334158856783,0.48431750292046205,0.040494870639711245,-1.0677112709875372,0.43079218403425834,0.5234436426018791
1639136560479448251,2.8652117654660443,1.8304632502691787,-1.5135389401243113,1.4214137681798475,0.6728572497165626,-0.07203257244823646,-2.5551306122304025
1639136560579600170,-1.703842125309206,1.9535214092446425,1.504817733604162,1.2347068876064289,1.9471501321267968,0.8249407724269711,-2.689392181038436
1639136560679522586,0.38954897128706767,-1.2434133606635882,-0.4578318664133243,0.7246952430824307,-1.250043819044714,1.6731665942694143,0.5723147172512175
1639136560779552555,1.8304114112999774,0.6665340907785327,-2.323631067945123,0.4833140924204944,0.6356457032731431,-0.41117969138785404,-1.1427452527371478
1639136560879533582,1.0823477679676619,-0.7701611203614753,-2.836708905902375,-0.16114847647416597,0.7214073509596717,1.156114164808205,-1.1659678068457533
1639136560979704469,-2.7558733067099155,0.8020981030644823,-1.3871795952914174,2.0209702286078355,1.9222575615381632,1.6081194945415782,-1.6596808718740155
1639136561079505426,-0.5828900474686844,1.7649948206140165,2.6249868544673975,0.37167315833852177,2.066669355751158,-1.0586423252228,0.16455860441471204
1639136561179563861,-2.1751591001595596,0.7836653079355158,0.0958147075192608,1.9648546693929787,2.0809314989181362,0.7343057107737412,-2.165377725972121
1639136561279592903,2.0119084158982266,1.4760200756543034,1.420472984523832,0.7905112095206892,2.333325788740409,-1.4321527874316184,2.6606975449073826
1639136561379483186,0.6157216549372935,0.7897359155470034,1.4219690695328144,-0.8208207896048567,-2.355737197893927,-1.7955023037208542,-2.869740537754836
1639136561479668321,2.431612006889092,1.9265176108684567,2.872246362636925,-1.0119028214616825,-1.400151301316445,-0.022700846115429663,0.8906582648060497
1639136561579529269,2.5675732647745906,0.939358793297584,0.8769443455303878,1.8659980591247791,-2.5805148138155882,1.9842358276926926,1.1897435608021225
1639136561679635500,-2.507250559197051,-0.9209924891889398,0.09279229031140313,-1.6691093584743593,0.8668571776133169,-0.41851059282067693,-2.118851091758189
1639136561779640255,-1.3344026173273267,-0.4174898459228642,0.038960637107957385,-1.5831246526843252,1.57346398634929,0.3881900521796573,2.3459278934972896
1639136561879563702,1.0544510705967913,-0.05244668871351754,-1.3161783205667001,1.3047005712550286,1.7315192834152717,1.1457941113071626,-2.985972992153528
1639136561979559905,2.004516106815101,0.7404127951289965,-1.6582783226938511,1.097687392534597,1.488284726846476,1.1619396641339428,-2.7443601304876712
1639136562079651044,-2.7105531123124242,1.3714244639952735,-0.09124325854831428,-0.08344513851166369,-0.4217346676545284,-1.7480552579849178,2.484564555990319
1639136562179601392,0.19712244213784302,1.6230548654753711,0.5472745936618466,0.9678550676026321,-0.9107540455072747,0.4223244782468787,-2.10004805020014
1639136562279664553,0.6787446713009961,-1.990008771022095,0.1280999014760109,-1.628904061949533,0.24387150218912756,1.7150529149136906,2.7157294889870003
1639136562379497951,0.7802887082461698,0.9955627900955637,1.0514676707978463,-0.0927320144668271,-1.0159519293512624,-0.9116368599472491,1.7166673709401121
1639136562479486954,-0.6207250607079584,-0.2909311650400952,0.8675543551529068,-1.3479432622982708,2.823240691215998,1.2749009192279268,0.3733929567084786
1639136562579533989,2.7329528267080696,1.630109724815041,-0.8095317399363569,1.6518406343576628,-1.458965769043637,0.2653513203936999,1.4270750933258713
1639136562679512138,0.5243190872284562,-1.1559837591426203,-0.36191327643149807,-1.5720532192816057,1.0987677711696962,2.0199830255933393,2.766697675093655
1639136562779588172,-1.294981152311287,-0.28094697253852496,1.6907307436697905,0.5804440173577623,1.186970748723454,-0.8926639375542063,-1.9310543289326219
1639136562879527153,-1.3721517541875736,0.295893903839171,2.2554928681467143,-1.9300134363330619,2.2549705272487555,0.43403977125141235,-0.4217833895384091
1639136562979522629,-1.258108328358227,-0.6171934604716558,-2.256565311884611,-1.9662971228195207,0.9574683297179098,-0.4738799977221393,-0.06411596133433006
1639136563079595249,-1.230185984005987,0.5757475406673183,-2.11199219023662,-0.3710306486368471,2.895156467749026,1.65362062028144,1.1788345819895336
1639136563179596021,2.656662639355385,-1.2786185956897596,0.8452844007489264,0.8588566814811718,-2.06386132363377,1.1093905792146308,0.46423052596387526
1639136563279669231,-2.706971092540685,0.8622862647057681,2.6152815671181817,-1.5248433465912687,1.7684365508419062,-0.5440747702919133,-1.3656716063891483
1639136563379643786,1.658145921072109,0.797187691495187,-1.587291848953852,0.6889403218173005,0.7911153056341047,0.7590168478067838,-0.6346069645770402
1639136563479534105,-1.221389628597433,0.11351692900806132,1.60392979710103,0.8409226704913881,2.517557003792897,0.6196378384743255,-1.6555920365943446
1639136563579605708,0.7227537774408619,-1.7133337171700498,0.9513530416371379,-0.7674359114909572,-1.6108915012396832,-1.6031419986649427,-0.8721470255966439
1639136563679566506,-0.8897691661487439,-1.171595170757732,-0.22182381161774867,1.9442754056731952,1.3197182245918673,-1.7936630504289826,-0.05763770369140264
1639136563779479793,-0.6457595483521827,-0.9993076548924462,-0.530621899185602,1.1383638073062028,-0.7051347852915875,1.8608285814446153,-1.684165177995936
1639136563879881969,-0.8810996723394444,0.11671921351990067,0.19240552093370455,1.6876199502065,-0.6252373676517697,-0.7723096040912347,-2.512307629943436
1639136563979646932,1.8433785052602096,0.4995251940783674,1.4291455152421535,-0.06379288976517294,0.22852190333992217,0.2762617413126547,2.440842299815277
1639136564079528268,0.2697296469866912,0.07006908153922708,0.1786249955428474,0.49189724455499073,-2.7751921048956985,1.8718875642778263,0.8195341914406553
1639136564179534565,0.49042069519123155,0.1710211971727995,-1.7605169455529484,0.7247315794689939,-2.2840668713758285,-1.5119303637998152,1.902117050861793
1639136564279528031,-0.04966800502329116,0.533120603239047,0.8137890741715283,0.5132102778065186,2.6498879679442875,1.6013215633787268,-2.2084150170486403
1639136564379565862,0.6111168209223488,-1.7908021283945923,0.011222654584920999,-1.1458462967011291,-0.6465991214186513,1.2804309549668362,0.7041876182999798
1639136564479535722,2.7744266632103236,-0.13142595998004603,0.18650616445851398,1.1667323797741678,-0.9274718136433946,0.9771707964151184,-1.7524033939587023
1639136564579515987,-2.631867564156255,-0.6491605868736476,1.43083453486584,1.4939379559310453,0.6630157621678534,1.8908757035533617,2.1220844166720947
1639136564679591034,2.69369449371754,-1.9494974388188837,0.2535763622446283,-0.05705313070620566,0.780933218462565,0.005839203087158129,2.7759475238308613
1639136564779682159,-1.9367287481567532,-1.4198315582062624,-1.7237939335748356,1.940176144079936,-0.4831204602009902,1.0827617309252702,-1.030120624589584
1639136564879504400,0.4429408794169909,-0.5962733849562327,-1.6106065871186748,-1.3627291573429121,-2.7434752086177396,-0.32575393572887945,1.7298262549382453
1639136564979539165,1.3056393538783007,0.2784858168293143,1.3295235544879929,-0.3220327990123475,-2.0352958140760795,-0.17903878344423596,-1.1411407030850371
1639136565079541235,-2.130216787944017,-0.4101108165083571,1.8663210830660364,1.0624961697869315,-2.319424851871969,-0.6375219223307829,1.6395153896347527
1639136565179639334,1.6442116513705263,-0.18882514263108519,-2.3144298848047797,0.07339794481355888,-1.0605050499923085,1.7804286241945708,-1.0427343200667891
1639136565279535239,-0.9585369991249424,-0.3090308299203983,-2.9061632984194365,-0.9470521462251393,-1.2089392781478125,0.8680709012980872,-0.7869522846634385
1639136565379587814,0.5178473359437552,-1.3774829342158723,0.15743144740184922,-0.8846739090698008,-2.4040495227576866,0.6371691367103951,1.398153076665848
1639136565479635702,-2.094463419823846,-1.1277453546075176,2.5380796493239743,0.16700154983144788,-0.09922336477732019,-0.5581845217041987,2.395363852034895
1639136565579692627,2.490431610075684,-1.3403755226193868,0.4061531652847834,-0.8430016599239323,-2.0650573165129984,0.4712151845284378,0.6001198694382097
1639136565679594740,0.5120968700753292,1.8162831885010662,-1.7930910161274531,-0.11272066871595032,-0.15773896661000997,-1.2329309848863583,-2.1657544387629946
1639136565779580747,0.9882879108846256,0.871836094558085,1.76150378739684,1.3418369820187972,-0.34259904537900354,1.616041018750972,0.03625414757777223
1639136565879506759,1.2939581376612197,0.5628607244915438,2.456864030986607,-1.9455249649743969,1.3690345786247282,0.8297478081841927,-2.6758614783053742
1639136565979580996,-2.759366013937858,-0.4207013380665625,0.7249448727401657,0.9699486208758552,0.6011796100729541,0.0075024778207106735,0.5216842681727054
1639136566079520013,-0.2849286818960257,-1.9352233062850541,-0.7420545573858699,-1.9256679944345316,-1.1762925155855564,1.4451939332549095,1.209210180537926
1639136566179532566,-0.21097270698389137,-1.5407357691738417,-1.5857432973097518,1.8112784058336597,-1.207912761136221,0.6906206122313572,-0.8965612308923725
1639136566279780853,2.3325559644766476,-1.5895636908023771,2.6038783329394053,-1.4051703106252051,-0.7218683129688865,0.5294559296725563,1.045221942931128
1639136566379539913,2.4897122393852036,0.11150925935895417,-1.835276308042366,1.5960942336450135,-2.0338131178000403,-0.9187293562231584,-1.3210109662595564
1639136566479641430,0.08664408354988806,1.2511323013728672,-0.6133640671604983,-2.0235250885739364,0.12250117697975726,-1.080677927201375,0.44425567699393564
1639136566579484733,0.35240846576043294,0.5469934014320263,-2.0482251618228005,1.3843314179958033,1.7482665980575693,0.019310682739108742,2.7078044309392326
1639136566679478664,-1.1060131496203334,-1.5155984565275977,-1.769112474840223,-0.11930054822168867,-1.1847240610436045,1.2278551717708837,-1.9588948971659115
1639136566779684965,-2.3362346390720226,1.386872166275627,-1.6674915504998389,-1.2731726091590057,-1.737916209030899,-1.3623932042491247,-2.000726262352607
1639136566879576476,-0.20684342971935754,-0.22492373444775415,-0.3036805366854951,1.8888177540245668,-0.6968316255257894,-0.4787330919127155,-2.3859366300603364
1639136566979524000,1.6838476263238484,-0.5015739002650124,1.074023294869677,-1.7955734483306718,-2.723151758557544,-1.2107865518859535,-1.3080350729835506
1639136567079578828,-1.236822842904691,1.520028388739318,1.8677166517924406,0.9971891108504436,2.1589716164191066,-0.9490403530878153,1.1949898482559056
1639136567179531542,-2.596331809555522,0.5034764661804152,-2.5087818111014726,-0.47189253902477457,1.5296548166423656,1.1771702943137465,0.3367192960733112
1639136567279527566,-0.08601334602628175,-1.3231367993384895,-2.8633656708551682,1.564687723660032,0.35475369646244514,1.7070654672440946,0.7730301159015505
1639136567379621755,-0.285423650193132,-2.0546024551379714,1.7413152314025315,0.5474331034946824,-1.4854452744998372,1.9618705384281685,-2.7007217016836886
1639136567479639671,0.13115617304871785,0.472931502653974,0.7366448803038521,1.0549711915082174,1.7913651663101322,-1.1860310644292005,-1.6246045502966584
1639136567579468903,1.5926479831077738,-1.5934662855792165,1.3272167758594366,0.5240271595660317,-2.2256065374240124,1.6337230198527237,1.6676609604663981
1639136567679482817,0.4612230405260713,-1.852705830606031,-0.8876273032810298,-1.514626767466973,1.8051783654162166,-0.25070956821397483,2.4876427246877912
1639136567779602236,1.737716213478366,-0.5294871007383251,-1.5184454807517078,-0.6875127253556155,-0.819070279193499,1.0923209547776085,-1.1335626073408287
1639136567879545045,-1.5605330670868196,0.6504395370238161,2.874299430862536,-0.04748716215208537,1.8943246753099916,-2.038567776451162,0.17544660110963228
1639136567979581574,1.8650423518263994,-0.17879367995745765,-2.674261356373372,-0.1942605907130035,-2.6658790762105706,0.41578808600497297,-0.6610319616341274
1639136568079563489,0.43839859478590126,-1.9802871252722858,0.6435788272751481,0.48131863255844154,0.9108068569381618,0.6131959255705031,-2.9492534020054997
1639136568179572079,-2.3899225192421945,-2.004087347965811,-1.9620352416579112,-0.06264354961888263,-1.157135654809607,1.4264257883246958,0.6445275000253194
1639136568279522076,1.0609265057157726,-0.4288202383718369,-0.13035931219571628,0.8194467219772559,2.141570149359494,-0.7266152628931737,-2.818402054197221
1639136568379756235,0.9305793735593055,-1.3367212533880017,0.8484358907273752,-0.7161101337179121,1.1045203145506153,-0.8446328747305532,2.8073765355052545
1639136568479472150,2.686007727506943,0.8644303323601465,2.532334290705785,1.2849737943386597,2.918807157405516,0.7170837042680898,-2.564499511810931
1639136568579454429,-0.3167475598995755,-1.0288658295920468,1.7982736336759069,-1.5847853037838926,2.1841217071872028,0.4119889190935875,2.9573281342067026
1639136568679555077,-1.7140281561149437,-2.0413023381541495,1.1311123653954591,0.5676796873127614,-1.317091837619761,1.138368248353642,-1.6609909427526424
1639136568779502741,2.1461191644289896,-1.6937007066716023,1.3545908300757659,-0.7495261681402212,-1.2229505280344428,0.8852792062841117,-2.9927547204240126
1639136568879502552,2.510696491433405,0.8232903324125398,-0.36986222287141723,1.5687585890427034,-1.9270406586836815,0.5385699990453849,2.012681135054232
1639136568979583013,-2.058310045086025,-0.7906079109180777,-1.025480612836611,-1.65038280720607,-2.2619810766133233,-0.37571375503815396,-1.795233477276896
1639136569079510626,-1.888420452870269,1.0536191577490222,2.350798701533098,0.5406740699047687,2.581821331130407,-1.1341483789822253,-0.9374147707056015
1639136569179620453,-2.13766070768864,1.1679121601619382,1.5831290478077311,-1.5635366839576055,-0.9428447266502287,-1.8411241259750175,-2.3116367214901796
1639136569279491123,1.7941801443409449,0.28498584132461735,2.2114640463699904,1.655994280380376,-2.3355568088541414,-1.5860600475490365,2.767613568949177
1639136569379537048,-2.4501664000830154,0.5596109924033188,-0.8208076665697202,1.2347514150961771,2.4656433946875427,1.860010811476661,-0.9751612110556542
1639136569479613054,2.7409235161969634,1.9973764929199525,0.5781835248816822,2.0491069161386037,1.0437923508235234,-2.0264184814229713,-2.4767771034216564
1639136569579580140,-2.1643040340233193,1.4549752375111917,-0.8165931735962864,0.1154735962342186,2.815449187696507,0.007114412533701042,-2.910625833361547
1639136569679476655,-0.42658855644120175,1.9756037606538714,0.9816123338411042,0.4979795159181011,-1.1568678851726701,-1.4900021961368153,0.32645786865436266
1639136569779631123,1.863299218428193,-1.919280496227511,1.671155519688488,-0.09291899196450282,0.05347569599535262,-0.6163478927168196,0.32682986641169176
1639136569879564476,2.900912495127605,2.0497109256087973,2.3783325534829154,0.626067494145572,-1.5243266247772769,0.32818476069566094,-1.9285601830103516
1639136569979527979,-2.876755708112329,0.8515998801848044,0.4513153926840121,-0.3851888806106203,-0.7621728237196712,0.40110753102337204,2.1692383281106777
1639136570079704390,2.722404199827205,-0.29273324814967894,-0.9869722509562959,0.42445350849660635,1.1622423977575393,0.608474974628527,-0.3556697539760787
1639136570179533095,-1.060555256418498,-0.4968920771172749,2.0949373588643945,-1.6752883821227884,-1.7303850053437448,1.6486031966280645,0.11475240914406415
1639136570279598330,1.6358367065744663,-1.8220618470999037,1.7843041537128284,0.1095866778156771,-1.5287163799452865,2.0381860812676558,0.8915666094216146
1639136570379632477,2.588965846512848,1.7628028582783402,2.084084599344487,1.9079654900214447,-1.282410563663388,-1.576473877719612,1.5292337661059574
1639136570479575925,-1.730243680602571,0.5318656495499217,-0.7871400301618494,1.5562004542944812,1.7200361882905706,0.16948630986606306,0.8738410792570512
1639136570579528113,1.53727336984602,-0.3570337432856401,1.1792951180131426,1.9532669477732214,0.7967925030431169,0.8542295121098924,-0.05539670612006731
1639136570679554286,-2.39672145766613,-0.26212775050439885,2.1329499750239296,-0.9785527474108575,0.7772328006622216,-0.7433451107294069,-1.5773852610590475
1639136570779588040,-2.6366937156294163,2.0223031845403967,-2.7459549456642387,-1.6805200044778439,-2.1304610982458616,1.9849812913511031,1.8688837995006042
1639136570879542150,-0.41940358829688673,0.12423198606559716,-0.46863188393028476,-0.3429741623533431,0.8954897354017874,0.7514920328930255,0.15990165064679518
1639136570979496191,2.7716195133168804,-0.39407977282887563,-1.7275272678539093,-0.2371015720623766,2.631965433644426,1.3657159629106066,1.2225755816483947
1639136571079532453,1.0573780658156795,-0.018995019813344616,0.940720206183431,-1.8124270026738662,2.8081404830508263,1.103143110426704,-2.606992224692635
1639136571179508044,2.915426616350309,1.546937787774028,-1.5144037430875776,-1.7350065818269604,1.7682816232443268,1.8695027389339085,-0.41468001134912
1639136571279497200,-2.7855442199178992,-0.7624455207659555,-0.02669017330759038,1.9021290779825861,2.7004401809575085,-1.0990861234331786,1.5542300043054333
1639136571379558556,1.0166512214109118,-0.7134782733747307,-1.8808024134514327,0.1439220934254406,-2.6020282873581984,1.4671138896373837,-2.2322049743468444
1639136571479596166,-2.7352492422644623,0.522039756703609,0.7555606990081221,0.4452429973603662,0.5647767984595489,-0.050140422900713855,-0.24183695392350257
1639136571579611998,0.6101334187351592,-1.2584733772225662,-1.3214354902394152,-1.3152626734019224,-0.30381204003286255,-0.8575961286673062,0.10508382919249737
1639136571679605849,-2.8370401349859575,-1.7883521885747347,1.2444505701073694,1.1104847688045876,1.6736287329702049,0.935529902961032,1.3714564722844158
1639136571779596318,-2.4703651282148433,1.7652176358586051,0.842797010468272,0.7314223819642622,1.0549013621225427,0.20368350642488364,1.6104536708624697
1639136571879660145,-0.5903306654206291,-0.464528993314411,-0.10407912952387033,1.4549082337587058,-2.842569769498632,-0.18779014112700176,1.6123371243153932
1639136571979513456,-0.1979688325576241,-1.1246498231678619,-0.7074071776624566,-0.13271895970494452,-2.5162347924083424,-1.954589274503808,2.220961886040094
1639136572079508778,1.1751405198540987,1.8326057817062322,-2.8100157123686786,-0.19233106910988562,-2.228912713525068,1.5139648533214651,0.6883635257048746
1639136572179486885,-2.567735281532751,1.2008646099475828,0.7981817341264374,-0.5841503473083007,2.1278797233614672,-1.1261801740041089,-1.5162538480430503
1639136572279642079,-0.6643842596240752,2.019127272828133,2.120932018699357,1.1728127446360666,-2.791853639858389,1.3501688909394285,-0.5646751948808792
1639136572379606012,0.5709090475531586,-1.960391668328572,2.4467629132998856,-0.53155185928012,2.498429744154453,-1.6712891035997404,-2.1619452164136237
1639136572479590184,1.2769111821426988,-0.8597213874755973,-2.426241183593324,-0.406922142363658,2.6475293467585863,1.0897492380609521,-1.9743160511294338
1639136572579570571,-2.820799506001089,1.3899326165474761,-0.9427037300602703,0.4161075856481089,-1.0474966774490857,-1.1733451262399845,0.26340220676430537
1639136572679625859,-0.9061965203380393,1.5088062914252651,1.5131257540989345,-0.7507028581112303,-2.533597834930989,1.2832312743130152,0.18835446862507466
1639136572779545164,-1.7388418123112295,1.2600522860975705,1.0517114489701616,-0.23118014259019914,-1.858367554431184,1.0851582819043526,0.16026902121614617
1639136572879532394,-0.2941617154536442,1.834443191035359,1.5044383331383107,-1.6552536571409855,-0.23178483504700198,0.27956195286583263,-1.3952005613288534
1639136572979573083,1.2488827009679029,-0.6142189672537324,-1.3177837657156628,-0.7193205030450103,-2.685098958000978,0.5240339735979131,1.0331283302543244
1639136573079525620,0.6009610407810393,-2.004709331449039,0.5990375569101265,-0.49783250324294404,1.7785952546629997,1.1558769397790787,-1.9390507816572848
1639136573179634457,0.5521996524637425,-0.93572129533816,2.678275537792856,1.2723891804780063,2.9048283936228443,-0.14020213432962847,2.373475223317278
1639136573279559153,-0.9411352908029926,-1.6308318585487351,-0.22299327921879808,-0.6391346126600324,1.5339648485450756,0.052609185835755135,2.062265105242307
1639136573379552159,2.881360552621216,1.7064356263082505,-0.04583230309979136,0.8711141240512048,1.1505221578268299,0.6321901632291596,1.895711476483902
1639136573479660300,-1.116900752689732,2.039050862070725,0.506985100086812,1.7763943101677633,-1.016804847725107,-1.5623383417237784,1.8014583883248423
1639136573579596624,-1.521516123693367,-0.7633144247868764,0.47003371913335057,0.7362475494316296,1.0146720347539966,-0.5872257000437919,0.4944990863305221
1639136573679521020,1.724073212114274,-0.5521364644255375,1.2087625273329876,1.0659792784061914,1.9340062757273384,-1.9508520423060003,0.6941093598816224
1639136573779560094,-1.2962770121818228,1.095973334664838,2.310843233209415,1.7704293811358731,-2.644542230570731,-0.5585822577744477,-0.6427896255162513
1639136573879541700,1.7740370291249206,-1.6651626506631085,2.0001468549706183,1.2113880790626173,1.479291119588495,-0.6346826397814982,2.0138009706777606
1639136573979595035,-1.350505308739255,-1.3011062316651918,-2.542241706741713,-0.8876002746066372,0.658826336393767,0.8038965201431543,-1.2709944247528466
1639136574079884476,-0.25996416315208837,1.66742690392965,1.7585361881928265,0.7042751778680376,-1.1441974321667985,1.9221572281250396,2.05661573985699
1639136574179594241,-0.9084817847005731,0.7104893236219336,-1.5714541771411183,-1.234544774391269,-2.3778060913503665,-0.8162273512735172,0.1543310882570128
1639136574279552994,0.644913091849769,0.4560640476971507,2.4153521853495463,-0.7233992019493973,0.3196545573091245,-1.912272491940752,-0.9521580505276077
1639136574379580834,-2.7048447828936615,-1.5985573945872391,-1.5269246014756483,0.5439891401941144,1.2171835069139516,0.9107499058784327,-0.48492976638859364
1639136574479513621,-0.43691385969457874,0.9685790460925925,-2.6352532389084944,0.28640964633731425,-2.6897041375581243,-1.821068151907131,0.7961994824630594
1639136574579694861,-1.3948939811836198,0.726494252958914,1.3070476157311632,-1.9673587850203504,2.294765014725218,0.6526110423718818,0.4205116109114204
1639136574679503329,-1.3058761444898281,-0.23065681685123884,-0.5124051819187025,-0.0803395575272805,-2.205445026629225,0.7268383807065737,0.07527248723630198
1639136574779485777,2.030914290120758,-1.9887786213995808,1.2055499442824664,0.2379383117773255,0.8468586140915719,1.3473210784197884,0.7063156351483952
1639136574879517111,2.2279237798904457,0.6235347909668576,-0.5496765394228205,-0.1037270356676685,0.7539563900874984,0.6721136287588219,0.6477914618491027
1639136574979545390,0.8894901591415931,0.8382086657295793,2.504024595567611,-0.9440291979225506,-0.07611624598840994,0.3072663556095412,-1.193839877407414
1639136575079573306,-0.019063552489731794,1.8053612352672617,0.23832572420201315,-0.2984562207446533,1.3377345819293676,-1.7625187098635027,0.8991325356354918
1639136575179583958,-1.0350819854287923,-1.6164720826886938,-1.68394344507446,-0.23441857292089674,-2.444467268829003,1.674926324602497,1.1030468977638486
1639136575279518354,0.7197564749834457,1.9613583773645158,0.4779158869187268,-1.054735253675391,-1.617438952824763,-0.6232440278195899,2.0086252420377817
1639136575379543797,-0.21296618656527277,0.6341470809926477,-0.8360654646154688,-0.10277583777657862,0.22782546963958916,-0.2998689777133092,-1.0812709127525155
1639136575479494593,-2.3964676204201396,1.098593670766543,-1.1521599383929206,-0.43883425211764826,0.7507100099124862,-1.1379244682477303,-0.707935565763993
1639136575579540730,-0.3597633779703253,-0.07419313495093771,0.25875330155692167,1.0127347764180428,1.3631879910186115,-1.065276032441724,0.42094331600482304
1639136575679547297,0.2872634208942655,-0.18508693790287034,-2.920432882913737,-2.007889219408061,2.683190966553474,0.704391188360296,-1.7164235501651162
1639136575779581216,-0.8347583580190219,-0.4057036949880748,0.22334439939726547,2.058424970065755,-2.3616577210930583,2.023123603901619,1.6753870686331216
1639136575879558712,0.7213576622904898,-1.1802358782619309,1.9585215363623116,-1.9066739852676355,1.5190807917944542,-0.48398573469635076,2.294286453247858
1639136575979647022,-1.578952392136676,-0.5197561681222336,-0.3690543925274148,0.5330915101458764,-2.1751003198379757,0.35483954997538536,-1.1031995870133842
1639136576079696476,-1.7500588812370834,1.7396523425890575,-0.1939300523678522,-1.542997031258081,-0.5751761670384816,0.6739758138215075,0.7347460249246334
1639136576179556340,0.4388553761652423,-0.8434876471062822,-1.80627541034891,-0.053960501158361485,-0.43615389199798216,-1.8487460743815036,1.7650803107221482
1639136576279507773,0.6877139618089076,1.429801359454423,1.0052018533093134,-1.2748962918366602,2.882015116111027,0.21324154935928918,-2.326603210198147
1639136576379606430,2.4859686677384194,0.40266739165213616,2.746791049617284,-0.5476912134015506,2.1233033035543376,0.2708963035783989,2.749690706031474
1639136576479570439,0.32402566872218674,0.3831670923716861,-0.5326261264958188,1.4988366559948014,1.4491644959008974,1.0632118430986774,-1.0208368331717843
1639136576579540394,1.9206447198262961,-0.48671465029383376,2.1970094474962063,0.19640106953105896,-0.30726877867803104,0.28488039843080637,0.8611285205207202
1639136576679549738,-2.182361773848324,1.3265392699636456,1.8216231771315265,1.7439466063236693,-0.8909399047472983,-1.1743696483598294,-0.7696501592166496
1639136576779532269,-0.0007799143028064393,0.24906421396261402,-0.15097514440758708,0.9593064068392776,1.5612279312995088,-1.5148132465484747,-1.693538489394101
1639136576879542217,-2.8313967213429803,-1.7821702248885125,1.967286586085923,1.7907943804587654,1.8157893176430009,-0.22230739315433512,2.309526591524739
1639136576981154843,-1.8621050890602633,-1.5146121309588774,-2.03827148277061,1.1241921305638751,-1.1308237538418278,1.542402129266773,0.2372428084948699
1639136577079573736,0.285696162637056,0.42254267598567985,-0.13650886900944803,-1.961064824835425,-1.2671183225999894,-1.8235830842210439,-1.103479287480159
1639136577179616453,2.8830064437438865,-0.16797526904662785,-1.8320493009187064,-1.8063319545109302,-1.0227302998289207,1.2456507355726303,0.686107081951961
1639136577279585226,-1.301846005226967,0.8372940964422546,1.7187671208649182,0.044408100416941654,-1.9743177071346136,-1.451589254764921,-0.3356708559254469
1639136577379755827,2.89495057297735,-0.22008113781529381,-0.885655227419953,1.197705472641509,-2.7835549212153285,0.3377461044445864,-0.754003957741773
1639136577479561515,2.2371574121785893,-0.30735676455783634,-0.5629750436755745,1.1816112476116754,-1.6091205955254615,1.0655957724956187,0.9859411657781796
1639136577579661405,-0.3647131011938738,-0.5632632726615732,-0.11599690094762671,-0.4309807994859278,1.4136956194143608,1.5727974018922102,0.6401600302849828
1639136577679529865,2.598225745025355,1.719905283803909,0.9966257031956127,0.059366701141179146,-1.064749738740667,-1.047085747709959,-2.5945673468668566
1639136577779534414,-2.441181154583129,1.8262562671910336,-2.616184893503612,2.0536582218804953,-2.5114505570086094,-0.7837663190828676,2.7577410700035023
1639136577879543043,2.2003820180045026,0.648233631030112,2.3393093343828277,0.0037730933822781587,1.261946366590594,1.4190119994487875,-1.8341136500677135
1639136577979601529,-2.6496309654779813,0.7026604959983849,-2.81840034146194,1.1439253032949428,2.1638616544288998,-1.0458501466407428,1.8983444215164638
1639136578079531555,2.480336567504167,-0.019220005469851476,1.2850497034431547,1.020065003106883,0.7156698828833146,1.962287946990044,-0.39476586359059906
1639136578179686003,1.7939306396167551,2.058783055729552,2.0958195001559905,1.2085005508701467,-0.5964075372449242,-1.0778204262246143,-1.8596735336889905
1639136578279591868,1.4546078797213213,0.4324218667543729,-0.8037741746735905,-1.1240052634722981,2.2227596916470067,-0.5701909883039327,-1.964607811623357
1639136578379553166,2.098644765157435,-0.6852878180222848,-2.303011332702709,1.165304164339846,0.268068392457399,0.8533839468404225,-1.8536078189263092
1639136578479611612,-0.5408049417633944,1.1435258726345672,2.1810551333391257,-1.0327235636719456,-2.151992856065155,-1.336695511319205,1.5933164383957998
1639136578579682590,-1.3049250931958627,1.8151825289673087,-0.687215087866436,1.7385606313235984,0.26196015461893607,-1.8927042374178829,2.146094308668873
1639136578679637184,-2.166020824616095,-1.8609007366880286,-0.6627632156683614,0.5930355536602523,0.4499018087562985,1.750633545424976,-0.9449422061939026
1639136578779594199,0.8428197681554672,1.5305997553267634,-1.7304642696343815,0.6601169758237146,2.3247890535371485,1.4059316763948768,2.8577503278368597
1639136578879644867,-0.3499580607889854,-2.047627948136131,-1.6333127561085652,1.8850294408245367,-1.562257825233251,-0.4034294261803153,0.30215070652192066
1639136578979609964,2.6561015194431827,-0.6142656655136021,1.9550733466449297,-0.7586672730865829,-2.435746953837388,1.1801530073634843,0.4287521302030073
1639136579079551583,0.7092874822390249,-0.12630857179842492,2.448620374944374,-0.08552104514225345,-0.5083883598788881,-1.1019331804843646,-2.964198103461568
1639136579179719016,-1.4120123933854773,-0.03846145870922468,1.1032639892658316,0.5346405487153878,1.5643146937434778,-0.8591334461141118,-0.16655862640073726
1639136579279536947,0.33070639477734565,-1.560457330975587,0.2414626532262365,-1.8522780160954175,0.3000155794669359,-1.2669454910525828,1.776813926332117
1639136579379548956,0.7178753479048869,1.3801842659405903,-1.8269453855216777,-1.0996384485342898,-1.865919605403211,1.582646548672611,-2.635527711656324
1639136579479615597,2.213158615971612,1.217031603414266,-0.6311981717646855,0.26170988479087454,0.6558101061291484,-1.83568340065731,-2.537584251422397
1639136579579555651,-2.2024141800054426,0.7248730219326864,0.43404076685400383,0.3623969795443278,-0.4817532057640346,-1.653189501895717,2.2695314630048062
1639136579679535100,-2.5158207051688484,-1.1147810754554324,-1.0097869184698847,-0.5665730103817401,1.9800234874643565,-0.23028299801520857,-0.3309990951254509
1639136579779468674,0.05488776594232814,-0.31339538783466225,2.4823061676919838,-1.1297585250392983,-1.728280368488532,1.653517609124413,2.31255573797362
1639136579879650800,-2.361475255146431,-0.4838209462528107,-0.2364759256632003,-0.5951317989953724,-1.2968855020301486,1.3056872366770365,1.0057609055112358
1639136579979484430,1.1033506823579473,1.9960249578417355,1.508211302642661,-0.6893254036011223,0.8121766015165433,-1.0557743922320877,2.145668891467452
1639136580079480380,1.16464160666855,1.6530605942950443,1.1442342479149255,-0.8415229131124806,0.96994423319676,-1.4696937609890557,0.44673625192620436
1639136580179481750,0.44476953547398645,0.3403463234931432,1.109754921127585,0.9652878608567894,-0.9736149105161211,0.16255123269866578,0.3493862535716987
1639136580279774205,-2.178819501184237,1.8267882639659674,-1.9605051798949287,-0.46614002087930606,-2.4265173452695157,0.13903708479348342,-2.8068383878687895
1639136580379567336,2.4894632723370056,0.8952134342870917,-2.8178163673036867,1.0543694748509806,-0.9283573589140715,0.8225501655605574,1.2665306634099323
1639136580479682785,-0.3498922505517412,-0.3025724066644033,2.4202459889869385,-1.7102939907498618,1.9964820266616505,-1.2704850457115917,-1.371288855922421
1639136580579571484,2.8944082974627894,-1.0609561471537172,-0.43992853138127286,-1.8751173462875375,-1.774940696972179,0.37707170572232407,0.03837258061483251
1639136580679551189,0.7175213151640807,0.7674750954998957,-0.06836217864210203,1.5616710953099946,-2.3416085437414154,-0.29172807237307197,-1.5594996923787598
1639136580779661610,1.0331758305528114,0.16449503265423893,-1.3091792436000949,0.8504212598526908,1.8447824820538128,-1.8407655029630656,-2.5021823590191037
1639136580879493284,2.0160567694569695,-1.334565038397168,-2.763286248760143,1.0339871064657844,-2.891567995057816,-1.9375995129945016,-0.2891264446406101
1639136580979649675,1.8778679453891756,1.618944773724393,-0.31651864008878583,0.4360715177810395,-2.927795926871985,-1.8575356742537095,1.7572450122594359
1639136581079513399,2.6095858127423504,2.0509186786417133,1.0594967798771235,-0.2897963499699743,-0.5702777454581929,-1.6954314345928962,-1.2927035053400895
1639136581179537147,-1.1012186247432005,0.08718008867381233,2.1879372535796757,1.123237422623018,1.3563317295809036,1.2607215476662366,2.9983629923951383
1639136581279580431,2.509690420964484,-0.8544884596525271,-0.636763210258227,1.6136527820558264,1.0517063362900778,-0.7489315835452748,1.0899834623084943
1639136581379552337,-1.4579410756891453,0.43456937094999937,-1.1292137661194992,-1.1502607640802105,2.3444155000801383,0.9424749805907711,2.2512316685629936
1639136581479661735,-2.5438027102708047,-1.1463646204840172,1.991641334699556,0.8286358030441185,-1.2426616575742515,-1.8575054877084476,-1.1236611162253431
1639136581579600021,-1.5301965517656626,-1.954958814595372,-0.43571626767565563,1.0958129203297111,-0.05268059307960016,-1.8503038570041224,-1.8791056501641208
1639136581679570109,2.120623818616496,-0.9731273505429587,1.5816620269848856,1.1938945150799585,-2.205763805506762,-0.7041824622350401,0.9379430366427739
1639136581779977846,-0.6138507110352367,-1.0201349277796665,0.009389055192249973,-1.939413322853748,-1.334434807992184,-1.7085598572882499,1.9101342469718117
1639136581879573451,-1.6382657114107584,1.181472011376056,0.9582105379568198,-0.5295868546419698,2.551457532226984,-1.249339809473425,-0.6016166477852454
1639136581979468977,0.3604600665518882,-2.020468580911372,1.4166374101027093,-0.9347785545673848,0.6910321337465302,-0.6116591676050582,2.123388040571928
1639136582079477773,2.1229870927517944,-0.9013908604634127,-1.721019209600584,-1.9317501251616824,1.3088697560754654,-1.3808802125488677,-0.057969489106978855
1639136582179560959,0.0799647969097097,1.023946778766974,-1.978557529957834,1.1434015553717138,-0.9486362425487198,0.9830187941715556,0.2455648949053204
1639136582279616924,0.23034899190195324,1.7123523789247277,-1.483627389783442,0.9984293079778053,2.454523723988617,0.01991032700938744,-1.796910415846842
1639136582379538430,0.010508857212174316,1.105143710548771,-0.04284511900453225,-0.5001230528318061,-0.5514803020235095,-1.2914248779421902,-1.2444521979575849
1639136582479656282,2.3498319384504502,1.4724213149014407,2.871930665531471,-1.7749777485442566,0.753432963189808,-1.2352545324606372,-1.2352909360523476
1639136582579571133,-0.7987597090450946,0.776665030087385,0.686406181989502,1.6749266233863427,0.813762693608278,-0.383270526251402,-0.45030357026411316
1639136582679522424,0.4018673027926072,1.1812449062757127,-1.166117000425957,-0.698782276359087,-1.3750724506246816,-1.228858436357329,0.7466013692194879
1639136582779644114,2.764112653056072,0.05233159007487176,0.31821802275616706,1.7790505076381629,-0.1511858986099055,-0.27678203189354766,2.439193034333592
1639136582879541285,-0.6368421702518146,-0.6363046439241471,-1.0535794380568457,-0.12428218382089917,-0.9574746625218602,-0.1893571744533895,0.611140353524144
1639136582979514452,2.525206745299395,-0.3105802047599897,-1.4732546664468003,1.1077310332718522,-0.24143774809984597,-1.344849031553227,2.8791420199632776
1639136583079571995,-1.6975607505669703,0.2776550338702757,-0.7212963633521956,1.4568460396386573,0.5795902035577853,-1.6316402565951234,-0.3220278344658958
1639136583179502011,-1.057223030184776,-0.32805997793307284,1.6006225123255793,0.6173927859099182,0.2755549006609175,-1.1434663247840333,-0.9791254416969375
1639136583279522387,2.4961367283241915,-1.8846749258446382,-2.117641371104566,1.4734576904789658,-0.18804712510231258,-1.042268764802964,-2.5247527496098576
1639136583379543813,-0.6022514859844352,-1.5189513451348704,-1.3526008335787942,-0.43354506273785964,2.8517218001191025,1.1359415933738894,-1.1491122144642079
1639136583479525850,0.28425791342656836,0.3238359953043015,-1.3813317732355916,2.0282007513008717,1.2118150865876802,-0.25851466697578873,-0.8790253610580807
1639136583579484151,-0.6126192961732908,-1.4542714224551347,-0.4435847708831946,-1.5221765308944228,-1.7607431029572813,1.760476044716174,0.3644901416377304
1639136583679513927,1.64144826014727,0.7568698656892807,0.5002421846341796,-0.6374119921760333,1.7978379725332867,0.2664576636045761,-1.1219850130930147
1639136583779430193,-0.46750308010538477,1.0126673670294797,2.279970931028243,0.9980907271763799,0.8231924633809831,-0.1967384487475563,0.12395455832599245
1639136583879641620,0.23991679119063347,1.1077837948525233,2.1530238308198544,0.3224422133708469,-2.640016184262388,0.08414120651809354,2.2769014660068305
1639136583979456468,2.3491120871223328,-1.735099106427817,0.018783035189000596,0.8657792512289197,0.4229819126476766,-0.01646358010946969,-2.9187174943178693
1639136584079534816,-0.42334363411143805,1.793662951551441,0.487411340735739,1.1058967796930412,-1.72439032241539,1.8683365821689586,1.3672594935191067
1639136584179665894,2.2039940358459735,0.2447032833981133,-2.5294299674398553,-1.9129024905454246,2.295537385495235,-0.9087012920883852,-0.5981250606055277
1639136584279490014,0.21608580219869555,0.3613064401050812,0.023369006840352924,-0.5911954705163718,-2.5893790248985704,-1.6951753301226307,2.8896459322747217
1639136584379546671,0.06205217231125637,-0.3304358371091236,-2.082790029296668,-1.996975619059704,0.39123329093457304,-2.0262313318884173,-2.789197002612303
1639136584479490525,-1.7099586472338542,1.207089995515425,-0.31090513690641064,-0.02839507931447738,-1.4864358900793346,-0.407231278495217,1.43915758978916
1639136584579507378,1.0183943797835715,-2.0134317480092605,2.8354079117077693,-1.6215850265846892,-2.316037183309321,-1.2687188401395968,0.7639517385942796
1639136584679585059,2.6068102523880676,-0.8393895655796921,2.688523364407193,-0.0009495296089512273,1.1040026226193134,-0.8461356918604188,-2.9760382154260725
1639136584779577844,-1.1478331697148476,0.8285389075370797,2.6656005840448365,1.3918911799955431,0.8757018361738012,0.14724550305114148,-1.452627845735256
1639136584879599908,-1.6824713859375298,-0.23178212552060828,-1.2107452837371069,0.7313579621857986,0.8640940179884216,-0.576762826086554,0.8195350373648718
1639136584980287147,-0.8135754730489833,-0.4382255176126686,-1.5186180945381977,-1.1182139755536276,2.5817709854969,-0.5057871145345854,-0.4857719301392742
1639136585079667793,-1.4222256368227808,-1.2418437507010354,2.8121535072077335,0.9332242230368561,2.462184712149704,-0.5780710887796767,1.3700474498974216
1639136585179733796,-2.332346004913287,0.08243669536665132,0.062152407232865414,-2.0461009516105637,0.6828008230156684,-1.385576960936124,2.470745950237759
1639136585279568300,1.5699490822457656,0.5635368804724203,1.4931586021909449,0.3940208913072034,0.18001690837020634,-0.38008666457513085,-0.8208942619996584
1639136585379720651,1.6353700469645935,1.0829848718199493,2.4450391879212146,0.6963179192818325,2.259266623081896,-0.5656317081071676,-2.5437386326760456
1639136585479658487,2.3327056125970347,-0.7694721452955231,2.5069556011022818,-1.9093725208213992,0.7649702528716951,0.27714104158634667,-2.2619119085872237
1639136585579575890,1.470273137135425,0.23600260714489796,-0.9645376324934112,-1.8045529404066096,2.4998712685042705,-1.8534754553747725,-0.6624554397231064
1639136585679525467,-2.532616037154394,-0.32324861962832707,1.3062020394598508,-1.7166794796666234,1.1459456949697642,-1.111984061044684,0.27119027576650323
1639136585779508158,-2.4393408095535576,-0.5667696403945262,-2.008497900083192,1.2481251527939419,-0.9544992817658962,-0.7283321165143286,-2.879468234937929
1639136585879647921,-1.8878900080581629,-0.06658253480453591,2.4197031177478663,0.1407790727653211,2.2517849304089244,1.0855279488320937,1.449236493092274
1639136585979567793,0.8193020282596382,-0.9769491951127671,-2.5165854575456854,0.38132438061608065,-1.5574756648812342,0.39930307761979345,0.22225156048475236
1639136586079520135,1.30961982873105,-1.0521389102476357,1.6551257664409627,-1.105093225381332,2.763673051498262,-1.663207499664233,-2.1892547331311656
1639136586179504861,0.08362445452512945,-1.781496906989294,0.9483353228840428,-1.6662483866816986,-0.8524674599500184,0.6689401845678917,0.38347607288093943
1639136586279565733,-2.0065192058830434,1.6094809401575132,-0.8090311451807302,0.3779789321421796,0.8470871865868959,0.48310464645763807,-0.8591589106433175
1639136586379571205,-2.6203349079051934,0.5767238334894937,-0.7869308099622154,-2.0388085655666526,-1.7062204948433795,-0.14882211927636746,2.9542479611991586
1639136586479528173,-2.5116850947978078,1.7854469060056481,0.1947874891138741,-0.6040355488936704,-2.3382087990954785,1.1210612979767705,-1.2175034068120019
1639136586579560386,0.38050889269728794,-1.4711159266718663,1.8308051407669041,1.07800272242017,-0.5480258969249059,-0.8844134544105415,0.38711589986815653
1639136586679624087,0.8877899888053054,-1.167933299996105,0.4263191779058868,-1.7472910201751697,-0.08199981066532569,-1.1627529004876416,-2.987091977889614
1639136586779635983,-2.868807399889506,-1.8799161509124236,-2.3023635605557633,-1.8764695415080623,-0.40497314929051287,0.49465031113334046,-0.44740074503547644
1639136586879526490,2.7287056581896354,0.6277715436085236,1.1341430380554995,1.7324708735562977,0.9673263550170663,1.7377116788127687,-1.07192960084275
1639136586979534699,1.40634385208732,0.43873969793924905,-0.09458710361568023,-0.8521715124186855,-2.5072305256763974,-0.4054379995612387,-1.046126199811306
1639136587079569324,1.9879290739219404,1.9617624612362783,-0.024123595878379867,-0.6240817740033924,-0.32241725452345804,-0.8334522622784215,2.358078573547074
1639136587179463581,2.433585150456992,0.2852483264919492,1.0097370952765665,0.5838669592762278,0.05843829670287404,0.9798394928559717,1.173703162281178
1639136587279625523,-0.9626760711544828,0.8700296991234433,1.6261735065718468,0.47536726278803876,-1.044123082679632,1.803657376629435,-0.29362856023179873
1639136587379558726,-2.6714536178848243,1.6530248381713109,0.10910131724806993,0.13554392809788318,-2.1325228457291527,1.4697140164788816,-1.8384186395880155
1639136587479648725,-1.3788862377715587,0.039914950188827625,-1.8936465560508755,0.26348032189534676,2.0750034864726303,1.0073750534705321,-1.475616567741713
1639136587579557881,-1.5605353221562936,-0.254687442088835,-0.5394688209341205,-0.5723271468305571,2.8326052236281467,0.3235781976643963,0.3876582077717372
1639136587679591663,2.0274082964230034,1.4609779779933811,1.3006690496836923,-1.2516978338217464,-1.6936165561543801,-1.5160178499192551,1.989948474420077
1639136587779525061,0.4458452195336893,-0.5764869821002077,0.40211767569055157,-1.5210615479992855,1.5495371991509015,-1.0267727586169555,0.8555944886379518
1639136587879568123,-1.9397582985322894,-1.4878580399837382,2.713770507483153,1.3467847055405775,1.344517785053473,0.8162543914235534,-1.9446458407853187
1639136587979657556,0.3244446240167709,-1.6599459100134923,-2.034164444315304,1.1102530102057182,-2.1688176436687803,-0.1540935821671643,2.5071135723001494
1639136588079508949,-1.3905755807265519,-0.7314412735237339,-1.7263390431535317,-1.243075536136578,-0.16820353702025237,-1.2289077986869055,-1.1463880388595553
1639136588179667630,-2.4477952695935214,-0.96198800462585,0.45081045457195046,-0.5199808009374027,-1.8492470701654649,1.4562200557436795,0.6286201575632657
1639136588279622827,-0.6423933764213605,0.884618298847931,0.7196987060138382,0.06929121773631186,-0.8130976085205917,0.7048530825064296,2.791363401749073
1639136588379508132,1.737181652865401,-1.6562476728382154,0.9454998081123573,-0.8132470242930576,2.34511005305086,1.9620915184597005,-1.7144792254657422
1639136588479521291,-2.733215070002951,-1.8373339103625483,0.36508333178031505,1.6884018286799924,2.703178428845543,-1.003862348958276,-1.2353343390892473
1639136588579424975,2.536447592348804,0.9527005485044451,-0.25372466278608696,0.5606965423328116,1.594959830879565,-1.6132597090962943,-1.2478196704952513
1639136588679469831,-2.611873752583254,-1.2353598985239416,-2.0048047855449345,-0.9685192717971489,2.3148784150888493,-0.7097347625641739,-1.6070789563184231
1639136588779544209,-0.8537484704225689,-0.7595875849348468,-2.2114459756280658,1.5198350844154782,1.5986847280631626,0.6623964081546712,2.2270767439488934
1639136588879506517,-0.6299416579264281,-1.3155740651223566,-0.33717038282989,-1.5828339945647123,-2.718694277059055,1.9149581615254387,-2.4751155013295274
1639136588979480154,-0.8575478063572066,-2.055371726606546,0.4624302831410545,-0.8733178307944627,1.1046254931279065,-0.834919499353517,0.09130368097704267
1639136589079497666,-1.1102195770469356,1.2640532995958114,2.4886133234003123,-1.3019609559106065,1.6310024794277838,-0.5939099431525818,1.9768880845789076
1639136589179570068,2.3188579774601803,0.0825966385846919,0.5074308861299541,-0.9523605255778509,-1.5863031620844803,0.6875665011065974,-2.115196678963321
1639136589279515715,0.7214979544096791,0.7503405003343251,1.9454074354799382,-1.8750131398764478,0.8843087955982907,-0.09117256499822624,-0.8515775755582515
1639136589379536665,-2.2629472201038383,-1.9974234717420913,-0.09276027423474043,-1.394231736858233,-0.9973076584673444,0.5176174666585802,-1.65788811107251
1639136589479544022,1.9403893037101105,0.37973140247982284,2.0973768417401435,1.0811158333159683,2.276843193726284,0.09184685667605486,0.37553550586026896
1639136589579706015,1.782289213482772,-0.46407315051609555,1.5421875417782611,-2.034858480539182,-0.20930827341576297,-1.734246129124564,-0.8465449113181167
1639136589679605604,2.612662169899393,2.023661075481946,1.3386434385950765,0.25427617411821846,-2.554226145379468,0.779945134807126,-0.25064334676318856
1639136589779633839,-0.4904350360850942,-1.8941849903863428,-2.2767326243763972,-1.6650862596932565,-2.461235161111542,-0.899609583469877,-0.5377002235875246
1639136589879556455,-2.2913541842929117,-0.624575174043057,1.0677321048116548,-0.515284565981927,-0.10114319211225409,-1.6904070122375332,2.2264281715884953
1639136589979521773,-0.5632305161290669,1.3819792815821699,-2.2707510879349195,0.5807055428178018,0.16811824384524554,0.8163677601060768,-1.5561633111944122
1639136590079813275,-0.05047893558170369,-1.299831505335659,-1.0361804286702778,-1.7689827096750241,-1.544393978824077,1.8738721314797089,-2.232010041568443
1639136590179501895,1.4862480034177286,-0.022919015503628515,2.154152845198016,-0.00171892531576745,-1.0458874754235976,0.6569518753619437,-2.006750632909697
1639136590279506855,2.1094310241790164,-1.8451602428031184,2.744673074129238,0.9951244702170574,1.6754418507596678,-2.0382276770908194,-0.9868412618022377
1639136590379548464,-2.18796179604902,-0.8923388559380008,1.1211752687370544,1.1277963631749732,0.7126535674840446,-1.3703754024166592,-2.5588267472142587
1639136590479557773,-1.81479213891998,-1.5271100899172378,0.8902535099986117,0.1558980288782723,-0.33833347538189207,0.9474675921492786,-1.815438327406909
1639136590579475249,1.1277963416353685,-1.5929829184694329,-2.1622117777844516,1.0046390978596076,0.39136943015315273,-0.020246377597548104,1.2335056698566569
1639136590679646319,-2.119861219095559,1.8023466926145044,0.4541876399753413,0.29036162778033203,-0.7805984347017314,0.15587755036444895,-1.4252099813584793
1639136590779517908,-0.9466558452627629,0.7481560371680409,-2.0278446472235765,0.056628517367913744,2.3336529778293147,0.5107383010512652,2.2605647539364697
1639136590879606470,-1.537473368205349,1.2297339406158576,-0.3504607818018677,-0.010732063063504604,1.6861676752735693,-1.887899927082447,-1.3031869566761884
1639136590979478129,-0.580666239781614,-1.942650940326598,-1.6841760689993517,-0.013775920485199489,2.8632716246348457,0.8230290271406195,-1.2718921312227816
1639136591079526504,-2.058246576717484,-1.7716174562511444,-1.9597906851831421,1.5564243505171813,1.6231005424830074,2.012579870995235,-2.6961169042463955
1639136591179475934,-1.3353928026497563,0.3564781110722035,-1.9170815584561998,0.7436779255995662,0.12253518796872243,-0.8797771568997534,1.4716077502418368
1639136591279444216,-1.664247847622704,-0.08330702862643014,0.15167140632745024,-1.5912614805569132,2.1152968017994644,-1.0985268155650936,1.5397769951195985
1639136591379619169,-2.5057977270162146,0.10489860056399714,-2.5493627484311023,1.922486527737305,1.577684217515944,1.9363366307219847,1.8810353899332557
1639136591479571210,2.3018401675537654,-1.906611652704738,1.7605491596446634,1.0354799281761657,1.802197899481706,-1.7490329913159306,-0.1316021432761576
1639136591579540861,-0.703601055016633,0.0898275271944482,0.6634561328381872,-0.08029748919145274,-2.845647772132932,1.5367102792513712,1.6763341541815104
1639136591679513711,-0.18472435696761558,-1.0963254042476964,-0.18885101380383196,-0.7044675815184356,-0.685023897937858,0.12649920187632446,-1.7515641575072525
1639136591779444414,1.4152070991690766,1.3595539004834163,-0.09147596875563702,0.4380343774054505,0.901728652352189,0.09003330272008059,1.820125590975279
1639136591879532178,0.5524232473295032,-0.8394961124831066,1.0818620109066264,0.744443064066973,1.4649009006066191,0.9329829434834873,-1.2832748803596932
1639136591979550764,1.882436007123006,0.691526125374843,-0.42430889236315084,-1.1888034603579827,-2.0011127241433107,-0.0033009897923346188,-0.26130772780535416
1639136592079515859,2.7060220788428366,1.055107497001396,0.2873970347828849,0.21850229436544444,1.3088730822483083,1.8805818696027137,2.3789855195841176
1639136592179562362,1.484642334032133,1.775120961353645,-1.3355567738993859,1.1578859988415449,0.33010957241149175,1.4148252276009714,2.913793026594212
1639136592279628480,-0.7684027694682847,1.7829738819982426,0.675337940705361,-0.23025777067355757,1.905733194276873,-1.966840993912166,1.1077203466434882
1639136592379505661,1.2987132382225677,-0.3939002557864826,2.3722085443803143,1.2236994493605575,0.05980489891963092,-0.9664342435536286,-1.511554900459244
1639136592479653512,1.1002444512659006,0.22389257341489754,-1.5775789775585365,1.6276061637414982,0.8284787339668047,1.8950764573733672,-1.5753025216981391
1639136592579482861,-2.275521014799536,1.195323183543818,-2.2306800309492054,-0.053752779121065686,-0.45334171422492986,-0.40594044745112057,0.8152306410896522
1639136592679706544,1.6385287646366034,-0.07411396282065175,-1.7580302330517779,0.6840020285093513,-1.3072976270694372,0.028650907664149905,0.059786233395041855
1639136592779594909,0.5251679460923051,-0.42306887254631165,-1.0769394691314755,1.0544314241899038,-2.658618998279531,1.0661467279983476,2.3877196919375563
1639136592879572097,-0.24826242358737938,-1.969585948182407,-2.082021806351257,1.645265670032741,-0.14357507915392187,-0.9243835407992922,-1.8417420914215263
1639136592979521937,-1.5536901534413903,0.056515160929539565,2.4596747615376056,1.423391957004203,1.580433132353344,-1.8870777387148152,-0.4996763430266933
1639136593079478678,-2.552236438443045,0.12980290746560152,0.287886838432613,-0.28913842741342455,2.236506394898163,0.5604582796423223,-2.1478937424283657
1639136593179590021,0.39612437837333214,-1.5584308683010544,-0.07188246306746748,1.3619568465270477,2.5683825992537357,2.0548255533274387,-1.6879910376938714
1639136593279591589,-1.6952297128558562,-0.3527211831090089,-2.0278353971322334,1.0933803201845187,-2.7769561311920663,0.7686574384394538,-0.991560004533814
1639136593379498655,-1.7069327555766183,1.3622478199947006,2.890763247368175,0.6883943465107634,1.5296738562954428,-0.40870520593305426,-0.7903997279806099
1639136593479617295,0.519407937934127,1.1706373241369796,-1.3135041719599194,1.8759872386525762,0.44409543649720185,-1.4135599153465246,-1.311748553806826
1639136593579579476,0.1103383919426042,0.5138774180243946,-0.6669003048558624,1.143802060780283,1.145661644434964,0.045919532627520354,2.6648534335422656
1639136593679526425,1.0736572712508212,-1.0981667113813722,0.17031843917788514,0.6624567361418139,-2.6553445156097224,-0.5128339538018651,2.6859483827060022
1639136593779479693,0.8618569061985508,-0.46497029495936815,-2.8581586542548103,-0.7386751204283739,0.8907643474096778,-1.581629010977751,-2.747018554125073
1639136593879573903,-0.7837318372080269,1.357754337843156,-1.0772192885248715,-1.4512523820735916,2.0946007579718207,-1.9017391366816876,-2.30223229262379
1639136593979482569,-1.3877800058276437,1.5319719399901501,-1.2868450974680006,-1.8847417601556553,1.033147103942618,-1.7777017846786647,0.7896376522625368
1639136594079454335,-1.255273751728834,-0.26795012629842874,1.0365780812951382,0.843780294773345,-1.9111659239208294,0.09063908237207219,0.8453354779544004
1639136594179510852,1.1783113911523446,-0.4527150012032417,-0.49082836884080816,-1.638535701099715,-2.854715309047668,-0.9906285839011009,-0.5214327626281938
1639136594279625274,0.037819768309977686,-1.1922525057340696,-0.7920932680977772,-0.7766279894906172,2.3368997344163334,1.7706885116157198,-0.05468600109441191
1639136594379481849,-2.007748343037418,-1.7505395023129735,2.5162645990208454,-1.9237583771559934,-1.4312381235833336,-0.5210287149616706,-0.3723353555401028
1639136594479500739,-1.1891119258556684,0.5456920276606323,1.511842010400898,-1.7420570785352734,-1.859023109254612,-0.1129534505512646,-0.9689412558139936
1639136594579426283,-0.11963092709147416,-1.8805180644975257,1.0079258470560784,-0.9287345061029693,-2.444284742266638,1.8239182763048354,-0.4620274597395615
1639136594679516783,-0.8126374556642673,-0.08465170080365758,-0.8181328740353333,0.9230868131000398,-2.3336643195114926,0.7691946835514845,-0.9565939917211024
1639136594779425661,-0.7376391325759721,0.9051318999798408,-0.040852443426692364,1.8818412851567174,2.2269858533408873,1.9076461602955765,-2.342299342090036
1639136594879477494,-0.13913611645802826,-1.030255030545874,2.433853453115814,1.3204892859060569,0.49216747949758854,-1.0182593520712218,-2.8584091262095632
1639136594979466275,2.391096291173153,0.47849346807878534,-2.094411354737454,0.5672760592717934,1.4561510783519904,-1.7449925686088321,-1.1823946643388525
1639136595079406022,1.1056805723787657,0.34104280244320373,0.7939350958693518,0.8266452580138344,0.4323957747423095,1.526114604952903,0.23679867533260213
1639136595179615885,-2.1835760276411276,-0.8446203939927992,-0.42950721976910167,-1.353585791786914,-2.4390580264618293,2.053929225511944,-0.7539391847095129
1639136595279615003,0.037241128396180656,-0.8578405942005691,-2.1054923553565503,-0.050143163153310244,1.2607472546255418,1.9344774908751767,-1.2913249399291113
1639136595379518704,0.17598460190094078,1.4131021774156602,0.23879492078336328,-0.30317660442202143,-0.24327053586552871,1.2956912087036296,-1.722839313427106
1639136595479522926,-0.4372561269128674,1.5014979072321526,-1.9429630113016993,0.7760168255060882,-1.8610028080435428,-0.1516074638851237,-1.5294617428363857
1639136595579543563,-1.9339760504671135,-1.2236340620071617,0.852945226810113,0.32261778921046114,-1.7169867089019475,-1.174850457742291,0.7089407875498774
1639136595679627691,1.9099662310504466,-1.4118280088553603,0.23751678916850283,1.7790650978732465,-0.6857607150264511,0.39555675881839747,-1.6687757473323455
1639136595779543805,-1.398796817655017,-1.9937697426289085,0.5035178439410601,0.9075741099701258,-1.9318703898144318,-0.6039753101818583,-0.6766172577300607
1639136595879635932,-2.387063237510213,0.5434998217866074,1.6328165236421106,1.4032237776478769,-2.231355933724302,1.1374107442216599,1.299484256415996
1639136595979567854,0.7054338978802766,1.1731394584181243,-1.4085516414807526,1.3534902500177148,0.3869169022798924,-0.730333440354521,1.743090181124971
1639136596079553079,-0.09093243090875092,1.0478642004514729,1.0919890285374856,0.5582776979275517,-2.1502099741310783,-0.13730436350974684,-0.5400722877628787
1639136596179576744,-1.9925908450674408,-0.43809675445547214,1.3683535158013433,-0.710548989907124,-1.9984160780498739,-1.6589516331629515,-2.0999660745850197
1639136596279679821,0.7357847886940729,1.9399016486245895,2.2301084265502067,-2.0055400650527484,1.4451949193387041,-0.17227306088181882,-1.2460347918084185
1639136596379501061,-0.6010704227555737,-1.5229768073700494,1.6821573314634315,-0.15830487256259196,1.7489766953002674,-0.6416896265876646,2.0143916160449877
1639136596479670460,1.5743248776822987,0.387339853791572,-1.074113698475092,-0.09409713176613654,2.219306014841728,-1.7535191134227721,0.2421247199798846
1639136596579571281,2.4204171040564444,1.014339425618827,-2.5637736210383157,-1.5110633456265044,-1.9682268296700363,-2.056991772699881,1.9723241639388376
1639136596679614481,0.586851419269375,1.7121364957945504,-0.6833972747967261,-0.7272793737710288,-2.6877116155100733,1.6805334995144001,0.9415980158599409
1639136596779699907,2.369135711174317,1.402279335625793,-1.8552437150421521,0.24179788713965156,1.1572073789756252,-1.1350796498315137,2.0685776544893764
1639136596879572545,-2.2016271446730054,0.7985307765375005,-1.3748893428062274,-0.2750531972097128,-1.0329155122707665,1.3649157976081203,0.0918248638339283
1639136596979488970,-0.9052588581674534,1.1025649670864537,2.4944465214409353,-0.4352744683240919,1.5463986771880474,0.185552108900795,1.6097874756746111
1639136597079593614,1.861026175756566,-1.1982970412437495,1.8486838322405892,0.5308737552383858,-1.9263348996105274,0.824041327176809,-2.3585346496191897
1639136597179580395,0.6139419496338583,-1.1609837648271104,-1.3792999764793235,0.3946579350601551,1.2106744634872002,1.7572005784978577,-1.5374183224004554
1639136597279593066,-0.8238796940043351,-1.899240388499233,1.3705201705559475,0.17775085853926997,-0.4824541199028598,-0.2226763581641984,-2.893301567936176
1639136597379528606,2.013668480144711,0.2211943244616128,-0.49707022060464956,1.1979810592921112,-0.6293934835183301,1.1384797712842576,-2.3124212474685284
1639136597479627319,-2.2855672346355367,1.4557248227600574,-1.818587453321987,1.506863579349679,-2.3698245341775124,-0.9922644404114351,-2.0935539879560134
1639136597579566921,-2.472412384554848,0.7494684185897138,0.887284800276249,1.4567420185110524,-1.4739010565748716,1.0106801096001874,-0.9652880669929171
1639136597679581334,-0.7342562423237164,1.1540491665912196,0.39662056333660534,0.19324557112802543,-2.218058813121366,0.7942473457477535,1.2655532131142908
1639136597779609446,2.4946722976193176,-1.507574510864339,-2.7428168143641223,0.7801672017763135,1.2698591007985427,-0.8979439852819782,2.8108264394062616
1639136597879571969,0.036178054172118834,0.07825716293109641,-0.8207640880419063,-0.48631551878980406,2.7404542928105715,0.8262439779010418,-1.3017767923756078
1639136597979607944,-0.15443648032626456,-0.8741228099301228,1.2024693714346548,-1.1883615118753865,-1.685099301794483,1.8312214933964852,2.336422994855868
1639136598079737646,-1.6796544717440276,1.1351988004319966,0.9172579036879767,-1.5521476140300887,-1.0768068630385583,0.9276223288310512,1.3057507741514374
1639136598179604610,-2.226414428508536,1.969255219961593,-0.17975614322789824,1.6704467454423675,0.9879561779240391,-1.1123004625124353,-1.5834607281816346
1639136598279685605,0.28835482994378125,2.014150223064934,2.849030163341356,1.9821900890885797,-1.6418587024437987,-1.8607562095763588,-2.2472608840961765
1639136598379505234,2.173963614438724,-1.1234079371510228,-2.738255878271863,0.8685339641378058,-0.46364173220183336,-1.882970654559604,1.2828731680578653
1639136598479631895,-1.5593519143117687,1.475212006550004,0.4500777834150469,0.9052468702903389,2.322897911062468,-0.653240040553801,1.4515582057075513
1639136598579598389,-2.176346475068353,-2.01180799785675,1.6993549716096354,-1.774609825140648,0.804595530526711,-0.7767295146033106,2.6182407300302235
1639136598679615829,2.300835286061449,0.9994131056809801,-2.6483680490101937,0.22144461801692872,-1.1358131804298588,-0.022714309251570697,-1.3263720498246772
1639136598779612380,2.6955618996543707,-0.2338636530457361,0.12432980150496897,1.199834158574487,-2.1074314380738515,1.5942114514220735,2.0327736541049
1639136598879459179,0.7620079068273342,-1.826444307763467,-0.5671997649704492,0.31471105462699,-0.5784031873837714,0.7419100752047476,-1.272264450357292
1639136598979605927,1.074096508792835,-0.38866538677315066,-2.6262913172748314,1.9972503487703386,-2.35627307361384,-1.0400724974891222,0.2595080490966435
1639136599079617347,2.1219643048024914,1.0939241305444547,-0.07012939503876314,2.021601254070434,-1.0259485448835197,-0.4459666304475811,-1.5224912841770863
1639136599179548073,-0.7281146028997596,-0.5617315131867815,-2.636493209906503,-1.5017328456142176,-0.4453925321026557,0.18389221328493788,0.9050163995865925
1639136599279687315,0.6619794939873835,-0.6985341927617119,-0.1938924579654584,-0.06144356672906204,-1.6101163371564715,-1.9741751025180996,1.8347470947312883
1639136599379977011,2.548628798899093,0.2065901284895464,-2.6026216649116516,1.0785319872806052,-1.1959615658936942,0.4037564813391632,0.343620924575486
1639136599479590588,0.8498049590354881,1.2317789817075946,1.9611906423628649,-0.41695215322113244,-2.291871395898426,0.9866125645856352,-1.4754502120219
1639136599580633773,-0.9260692125585255,0.5202280707502047,-0.793653249250176,-1.7407840334885847,2.048968547519466,-1.017519159695698,-0.37080841398231046
1639136599679559919,1.5009459504643021,-0.6658686314113829,-1.7716811494688895,0.619865213861738,-1.0274399108533203,-0.9599913589073616,-2.356079480106165
1639136599779631651,0.7673788891404953,1.3099782732252927,-1.5369392564609494,-0.928349493280854,-1.6447018606757016,0.016528118132826286,0.2963829417215669
1639136599879611847,1.0153614123446641,-1.149248056427173,-0.8101473104337047,-0.6135879395001334,-0.4209650388125694,0.4733802463135812,-2.725082125894497
1639136599979581990,1.9227785150803398,-0.2382281661908554,-2.04685024590818,-0.002321825545394951,-1.8459011274094057,-0.975770690823593,-0.6523756090424002
1639136600079665199,2.1424695202601503,-1.7519824476767902,2.8424431841226405,0.4989133884944228,-0.6501755807944338,1.3727355471573435,0.9570817946400014
1639136600179679934,-1.5960922000816433,1.8398177084711937,-1.9260191852726625,1.5942579774380072,1.6227289260943611,-0.4593798258387376,-1.181653091794383
1639136600279701972,-2.01914389626668,0.8387075675219386,2.3989583726657675,0.724713868698533,-1.810198658393424,1.6246204988163155,-0.6824419381848479
1639136600379654988,-1.0712109022508551,-1.9475884729815742,1.0246664386171145,-1.3164693131490637,-0.5223575968117711,-1.3836072621279656,-2.776564927316409
1639136600479539144,-2.0496484944058078,-0.5887268197166309,2.46850479354046,-0.797574040095743,0.7820144018633637,-1.1982500547378339,-2.6130625859047036
1639136600579584533,-1.525519815278453,0.09442246845271285,-1.2955497312436672,1.7583687568268065,1.9479939738286256,-1.916463798257669,-0.213002689335005
1639136600679575827,-0.5087564165292875,0.6827802237702545,2.231446452663008,-0.28285257604632896,-0.6984408960413426,-1.8997465685707038,2.2940739683799145
1639136600779669529,0.3370306935350511,1.5017161783493953,-1.339937076575588,1.5953208621879038,1.0083946355381417,-0.3297883229151308,0.1901580821959823
1639136600879644006,-0.08606635378096739,-0.046464388018822245,-0.9608121949413484,-0.4964235835791089,-0.0660964823463992,-0.20506854030605592,-0.26107537770341116
1639136600979624677,0.7665647008247167,-1.98845305380136,2.343553408714016,-1.536938172163989,0.0953465814164911,0.093057720605628,1.8666098201123282
1639136601079546044,-1.1892295799573163,1.1913709312598666,-1.4474128154894452,-1.3755461391595434,2.8907390919812888,-1.919121590257757,-2.8965510983591263
1639136601179643713,0.9847143771115494,1.96500460343132,-2.633097010734475,-1.2391030002115988,-0.4799266430394251,-1.9031848609053563,-0.916980306833254
1639136601279633672,-2.6265290025506616,-0.26072940221705254,-0.83224586551786,-0.4365641637880313,2.552134416231364,-1.4885029608024696,1.326866115895886
1639136601379663782,-1.3184444970335847,-1.2741245787336557,-1.3296673861704682,-0.6045304114065551,-2.3659259089548677,-1.6544274457023773,0.7493520747720805
1639136601479755013,1.5849511461950692,-1.2380919397321537,0.9530004558276577,0.3218210520714426,0.8736268772239884,0.35582648055541943,-1.5939263397414005
1639136601579635686,1.936093633082812,1.300021408059218,-0.137334313227659,-0.18179538146667173,-2.0031057190482597,0.8924631266032494,1.3210795797211623
